{
    "mcpServers": {        
        "llm_inference": {
            "command": "uv",
            "args": ["run", "starter_server.py"]
        },
        "sqlite": {
            "command": "uvx",
            "args": ["mcp-server-sqlite", "--db-path", "./test.db"]
        },
        "filesystem": {
            "command": "npx",
            "args": [
                "-y",
                "@modelcontextprotocol/server-filesystem",
                "."
            ]
        }
    }
}